id;name;calories_by_person;duration;image_url;website_source;website_url
1;Gratin de poireaux au saumon et moutarde;302;45;https://recettehealthy.com/wp-content/uploads/2023/02/gratin-poireaux-moutarde-300x300.jpg;recettehealthy;https://recettehealthy.com/gratin-de-poireaux-au-saumon-moutarde/
2;Soupe de légumes au poulet crémeuse;466;41;https://recettehealthy.com/wp-content/uploads/2023/01/soupe-legume-300x300.jpg;recettehealthy;https://recettehealthy.com/soupe-de-legumes-poulet-cremeuse/
3;Bouillon au poulet et légumes épicé;427;75;https://recettehealthy.com/wp-content/uploads/2023/01/bouillon-poulet-300x300.jpg;recettehealthy;https://recettehealthy.com/bouillon-de-poulet-legumes-epices/
4;Oeuf cocotte à la tomate et poireaux;525;45;https://recettehealthy.com/wp-content/uploads/2023/01/tomate-oeuf-cocotte-300x300.jpg;recettehealthy;https://recettehealthy.com/oeuf-cocotte-tomate-fondue-poireaux/
5;Chou de Bruxelles à la crème et graine de moutarde;435;55;https://recettehealthy.com/wp-content/uploads/2022/11/chou-de-bruxelles-creme-300x300.jpg;recettehealthy;https://recettehealthy.com/chou-de-bruxelles-creme-graine-moutarde/
6;Courge spaghetti gratinée au fromage;453;25;https://recettehealthy.com/wp-content/uploads/2022/09/courge-spaghetti-fromage-300x300.jpg;recettehealthy;https://recettehealthy.com/courge-spaghetti-fromage-champignon/
7;Risotto au butternut et champignons;747;60;https://recettehealthy.com/wp-content/uploads/2022/09/risotto-butternut-300x300.jpg;recettehealthy;https://recettehealthy.com/risotto-au-butternut-et-champignons/
8;Galette chou romanesco;63;30;https://recettehealthy.com/wp-content/uploads/2022/06/galette-chou-fleur-300x300.jpg;recettehealthy;https://recettehealthy.com/galette-de-chou-romanesco-facile-rapide/
9;Lasagne d’aubergines à la ricotta;335;65;https://recettehealthy.com/wp-content/uploads/2022/09/lasagne-aubergine-300x300.jpg;recettehealthy;https://recettehealthy.com/lasagne-daubergines-ricotta-parmigiana/
10;Gratin de poireau au comté;548;55;https://recettehealthy.com/wp-content/uploads/2022/09/gratin-poireau-fromage-300x300.jpg;recettehealthy;https://recettehealthy.com/gratin-de-poireau-au-comte/
11;Poulet aux olives et tomate;183;45;https://recettehealthy.com/wp-content/uploads/2022/09/poulet-tomate-300x300.jpg;recettehealthy;https://recettehealthy.com/poulet-aux-olives-tomates/
12;Gratin de quinoa et épinard à la mozzarella;465;45;https://recettehealthy.com/wp-content/uploads/2022/09/gratin-quinoa-mozzarella--300x300.jpg;recettehealthy;https://recettehealthy.com/gratin-de-quinoa-epinard-mozzarella/
13;Gnocchis aux herbes et crème de parmesan;505;65;https://recettehealthy.com/wp-content/uploads/2022/08/gnocchis-parmesan-300x300.jpg;recettehealthy;https://recettehealthy.com/gnocchis-facile-creme-parmesan-herbe/
14;Curry de chou-fleur aux cacahuètes;609;60;https://recettehealthy.com/wp-content/uploads/2022/07/curry-chou-fleur-300x300.jpg;recettehealthy;https://recettehealthy.com/curry-de-chou-fleur-cacahuetes/
15;Poulet à la crème et brocolis;358;45;https://recettehealthy.com/wp-content/uploads/2022/06/poulet-brocolis-300x300.jpg;recettehealthy;https://recettehealthy.com/poulet-a-la-creme-brocolis/
16;Pâte à ricotta et petits pois;530;30;https://recettehealthy.com/wp-content/uploads/2022/07/pate-ricotta-300x300.jpg;recettehealthy;https://recettehealthy.com/pate-a-la-ricotta-et-au-parmesan/
17;Pâte à la tomate et burrata;594;75;https://recettehealthy.com/wp-content/uploads/2022/06/penne-burrata-300x300.jpg;recettehealthy;https://recettehealthy.com/pate-a-la-tomate-burrata-facile/
18;Penne sauce arrabbiata et mozzarella;559;70;https://recettehealthy.com/wp-content/uploads/2022/06/pate-arabiata-300x300.jpg;recettehealthy;https://recettehealthy.com/penne-sauce-arrabbiata-mozzarella/
19;Brochette de saumon aux courgettes;224;40;https://recettehealthy.com/wp-content/uploads/2022/05/grillade-saumon-1-300x300.jpg;recettehealthy;https://recettehealthy.com/brochette-au-saumon-courgettes/
20;Oeuf cocotte aux asperges et fromage;0;15;https://recettehealthy.com/wp-content/uploads/2022/05/oeuf-cocotte-asperges-1-300x300.jpg;recettehealthy;https://recettehealthy.com/oeuf-cocotte-aux-asperges-fromage/
21;Risotto facile au curry et parmesan;397;60;https://recettehealthy.com/wp-content/uploads/2022/05/risotto-curry-300x300.jpg;recettehealthy;https://recettehealthy.com/risotto-facile-curry-parmesan-poulet/
22;Cordon bleu au bacon et Beaufort;619;50;https://recettehealthy.com/wp-content/uploads/2022/04/corbon-bleu-300x300.jpg;recettehealthy;https://recettehealthy.com/cordon-bleu-au-bacon-beaufort/
23;Brick au fromage et pomme de terre;294;45;https://recettehealthy.com/wp-content/uploads/2022/04/brick-oeuf-pomme-de-terre-300x300.jpg;recettehealthy;https://recettehealthy.com/brick-au-fromage-pomme-de-terre/
24;Pain quiche au poulet et moutarde;245;45;https://recettehealthy.com/wp-content/uploads/2022/03/pain-quiche-poulet-300x300.jpg;recettehealthy;https://recettehealthy.com/pain-quiche-au-poulet-et-moutarde/
25;Wrap au brocolis et Rocamadour;540;23;https://recettehealthy.com/wp-content/uploads/2022/03/tartine-salee-jambon-300x300.jpg;recettehealthy;https://recettehealthy.com/wrap-au-jambon-fromage-legumes/
26;Tortiglioni au pesto de brocolis;713;55;https://recettehealthy.com/wp-content/uploads/2022/03/pesto-brocolis-300x300.jpg;recettehealthy;https://recettehealthy.com/tortiglioni-au-pesto-de-brocolis/
27;Wrap omelette aux choux et fromage;396;50;https://recettehealthy.com/wp-content/uploads/2022/03/wrap-omelette-chou-300x300.jpg;recettehealthy;https://recettehealthy.com/wrap-omelette-aux-choux-fromage/
28;Wrap omelette au fromage et aux légumes;680;50;https://recettehealthy.com/wp-content/uploads/2022/03/wrap-omelette-300x300.jpg;recettehealthy;https://recettehealthy.com/wrap-omelette-fromage-legumes/
29;Lumaconi aux épinards et ricotta;784;60;https://recettehealthy.com/wp-content/uploads/2022/02/conchiglioni-ricotta-300x300.jpg;recettehealthy;https://recettehealthy.com/lumaconi-farci-ricotta-epinards/
30;Rigatoni au pesto rosso;723;50;https://recettehealthy.com/wp-content/uploads/2022/02/rigatoni-pesto-rosso-300x300.jpg;recettehealthy;https://recettehealthy.com/rigatoni-au-pesto-rosso-tomate-facile/
31;Curry de butternut au poulet et brocolis;491;60;https://recettehealthy.com/wp-content/uploads/2022/01/curry-poulet-1-300x300.jpg;recettehealthy;https://recettehealthy.com/curry-butternut-poulet-brocolis/
32;Pizza naan au saumon et chou kale;916;35;https://recettehealthy.com/wp-content/uploads/2022/01/pizza-naan-300x300.jpg;recettehealthy;https://recettehealthy.com/pizza-naan-saumon-chou-kale/
33;Tagliatelle au pesto et poulet aux herbes;573;55;https://recettehealthy.com/wp-content/uploads/2022/01/pesto-epinard-1-300x300.jpg;recettehealthy;https://recettehealthy.com/tagliatelle-au-pesto-et-poulet-aux-herbes/
34;Boulette de poulet et bouillon à la tomate;434;70;https://recettehealthy.com/wp-content/uploads/2022/01/boulette-poulet-1-300x300.jpg;recettehealthy;https://recettehealthy.com/boulette-de-poulet-et-bouillon-a-la-tomate/
35;Ramen de chou kale au poulet croustillant;376;70;https://recettehealthy.com/wp-content/uploads/2022/01/ramen-coco-1-300x300.jpg;recettehealthy;https://recettehealthy.com/ramen-au-chou-kale-et-poulet-croustillant/
36;Croziflette facile et rapide;595;65;https://recettehealthy.com/wp-content/uploads/2022/01/croziflette-1-300x300.jpg;recettehealthy;https://recettehealthy.com/croziflette-crozet-reblochon-montagne/
37;Tartine au chou romanesco et poulet pané;186;45;https://recettehealthy.com/wp-content/uploads/2022/01/tartine-chou-1-300x300.jpg;recettehealthy;https://recettehealthy.com/tartine-au-chou-romanesco-et-poulet-pane/
38;Gozleme au poireau et au chèvre;540;60;https://recettehealthy.com/wp-content/uploads/2021/12/gozleme-poireau-chevre-1-300x300.jpg;recettehealthy;https://recettehealthy.com/gozleme-au-poireau-et-chevre/
39;Lasagne de légume au saumon;408;65;https://recettehealthy.com/wp-content/uploads/2021/12/lasagne-1-300x300.jpg;recettehealthy;https://recettehealthy.com/lasagne-de-legumes-au-saumon/
40;Tagliatelle au poireau et poulet;571;40;https://recettehealthy.com/wp-content/uploads/2021/12/poulet-poireau-300x300.jpg;recettehealthy;https://recettehealthy.com/tagliatelle-poireau-poulet/
41;Poulet aux champignons et purée crémeuse;604;45;https://recettehealthy.com/wp-content/uploads/2021/11/poulet-puree-1-300x300.jpg;recettehealthy;https://recettehealthy.com/poulet-champignons-puree-cremeuse/
42;Gratin de pâte au poulet butternut et poireau;419;60;https://recettehealthy.com/wp-content/uploads/2021/11/gratin-poireau-butternut-1-300x300.jpg;recettehealthy;https://recettehealthy.com/gratin-de-pate-poulet-butternut-poireau/
43;Poulet et butternut au soja sucré;493;65;https://recettehealthy.com/wp-content/uploads/2021/11/poulet-butternut-soja-1-300x300.jpg;recettehealthy;https://recettehealthy.com/poulet-au-butternut-et-soja-sucre/
44;Gratin de coquillette au brocolis et poulet;390;50;https://recettehealthy.com/wp-content/uploads/2021/11/gratin-brocolis-coquillette-1-300x300.jpg;recettehealthy;https://recettehealthy.com/gratin-de-coquillette-brocolis-poulet/
45;Curry de saumon à la tomate;719;65;https://recettehealthy.com/wp-content/uploads/2021/11/curry-saumon-tomate-1-300x300.jpg;recettehealthy;https://recettehealthy.com/curry-saumon-tomate-epices/
46;Soupe au poulet et aux légumes;217;70;https://recettehealthy.com/wp-content/uploads/2021/11/soupe-poulet-1-300x300.jpg;recettehealthy;https://recettehealthy.com/soupe-poulet-legume/
47;Pâte au Butternut et jambon croustillant;459;30;https://recettehealthy.com/wp-content/uploads/2021/11/pate-au-butternut-300x300.jpg;recettehealthy;https://recettehealthy.com/pate-creme-de-butternut-jambon-croustillant/
48;Pâte aux champignons et crème de moutarde;572;45;https://recettehealthy.com/wp-content/uploads/2021/11/pate-moutarde-300x300.jpg;recettehealthy;https://recettehealthy.com/poulet-champignons-creme-moutarde/
49;Beignet de cabillaud et coleslaw maison;671;65;https://recettehealthy.com/wp-content/uploads/2021/09/beignet-cabillaud-300x300.jpg;recettehealthy;https://recettehealthy.com/beignet-cabillaud-coleslaw-mains-tacos/
50;Courge butternut aux pâtes et parmesan;0;55;https://recettehealthy.com/wp-content/uploads/2021/09/butternut-bacon-pate-300x300.jpg;recettehealthy;https://recettehealthy.com/courge-butternut-pate-parmesan-bacon/
51;Tagliatelle au poulet et crème de champignon;686;40;https://recettehealthy.com/wp-content/uploads/2021/09/poulet-creme-champignon-500x500.jpg;recettehealthy;https://recettehealthy.com/tagliatelle-poulet-creme-champignon/
52;Tagliatelle au saumon et à la crème de citron;0;0;https://recettehealthy.com/wp-content/uploads/2021/09/tagliatelle-saumon-citron-500x500.jpg;recettehealthy;https://recettehealthy.com/tagliatelle-saumon-creme-citron/
53;Brochette de taureau et abricot grillé;389;35;https://recettehealthy.com/wp-content/uploads/2021/07/brochette-taureau-500x500.jpg;recettehealthy;https://recettehealthy.com/brochette-taureau-abricot/
54;Mozzarella pané;222;25;https://recettehealthy.com/wp-content/uploads/2021/07/mozzarella-pane-500x500.jpg;recettehealthy;https://recettehealthy.com/mozzarella-panee-epice/
55;Brochette de poulet mariné aux légumes;122;40;https://recettehealthy.com/wp-content/uploads/2021/06/marinade-brochette-500x500.jpg;recettehealthy;https://recettehealthy.com/brochette-poulet-legume-marinade/
56;Tagliatelles aux crevettes et citron vert;0;30;https://recettehealthy.com/wp-content/uploads/2021/06/pate-citron-500x500.jpg;recettehealthy;https://recettehealthy.com/tagliatelle-crevette-citron/
57;Lumaconi aux asperges et jambon sec;350;50;https://recettehealthy.com/wp-content/uploads/2021/06/pate-asperge-500x500.jpg;recettehealthy;https://recettehealthy.com/lumaconi-asperge-jambon/
58;Saumon grillé aux épices;795;50;https://recettehealthy.com/wp-content/uploads/2021/05/saumon-grille-500x500.jpg;recettehealthy;https://recettehealthy.com/saumon-grille-sauce-mascarpone/
59;Boulette de viande et sa sauce tomate maison;516;40;https://recettehealthy.com/wp-content/uploads/2021/05/boulette-boeuf-500x500.jpg;recettehealthy;https://recettehealthy.com/boulette-boeuf-tomate-viande/
60;Poulet grillé aux épices et purée de pomme de terre;394;70;https://recettehealthy.com/wp-content/uploads/2021/05/puree-poulet-500x500.jpg;recettehealthy;https://recettehealthy.com/poulet-grille-legume-puree/
61;Lasagne de courgette à la ricotta;307;70;https://recettehealthy.com/wp-content/uploads/2021/05/lasagne-courgette-500x500.jpg;recettehealthy;https://recettehealthy.com/lasagne-courgette-ricotta-parmesan/
62;Spaghetti de courgette carbonara au parmesan;377;35;https://recettehealthy.com/wp-content/uploads/2021/05/carbonara-500x500.jpg;recettehealthy;https://recettehealthy.com/spaghettis-courgette-carbonara/
63;Galette de poireau au saumon fumé et chèvre frais;213;45;https://recettehealthy.com/wp-content/uploads/2021/04/galette-poireau-500x500.jpg;recettehealthy;https://recettehealthy.com/galette-poireau-saumon-fromage/
64;Raviole maison au poulet et champignon;160;20;https://recettehealthy.com/wp-content/uploads/2021/04/raviole-poulet-champignon-500x500.jpg;recettehealthy;https://recettehealthy.com/raviole-maison-poulet-fromage-2/
65;Risotto au poulet et parmesan aux poireaux;476;45;https://recettehealthy.com/wp-content/uploads/2021/04/risotto-poulet-500x500.jpg;recettehealthy;https://recettehealthy.com/risotto-au-poireau-parmesan-poulet/
66;Pâte au pesto et nuggets maison;745;40;https://recettehealthy.com/wp-content/uploads/2021/04/pate-pesto-500x500.jpg;recettehealthy;https://recettehealthy.com/pate-pesto-kale-nuggets-maison/
67;Bolognaise maison healthy;400;45;https://recettehealthy.com/wp-content/uploads/2021/04/bolognaise-chili-maison-500x500.jpg;recettehealthy;https://recettehealthy.com/bolognaise-maison-facile/
68;Pâte au brocolis;457;30;https://recettehealthy.com/wp-content/uploads/2021/03/pate-brocolis-fromage-500x500.jpg;recettehealthy;https://recettehealthy.com/pate-au-brocolis/
69;Lumaconi farci à la ricotta et petits pois;53;55;https://recettehealthy.com/wp-content/uploads/2021/02/conchiglioni-ricotta-500x500.jpg;recettehealthy;https://recettehealthy.com/lumaconi-farci-ricotta-pois-chevre-facile/
70;Poulet laqué au soja et noix de cajou;285;55;https://recettehealthy.com/wp-content/uploads/2021/02/poulet-soja-500x500.jpg;recettehealthy;https://recettehealthy.com/poulet-laque-au-soja-noix-de-cajou/
71;Tartine façon tartiflette au reblochon;615;23;https://recettehealthy.com/wp-content/uploads/2019/11/reblochon-roti-300x300.jpg;recettehealthy;https://recettehealthy.com/tartine-au-reblochon-et-bacon/
72;Soupe chinoise au poulet et kale;438;50;https://recettehealthy.com/wp-content/uploads/2021/01/soupe-nouille-500x500.jpg;recettehealthy;https://recettehealthy.com/soupe-chinoise-au-poulet-et-kale/
73;Nouille aux crevettes et coques;605;55;https://recettehealthy.com/wp-content/uploads/2021/01/nouille-crevette-500x500.jpg;recettehealthy;https://recettehealthy.com/nouille-aux-crevettes-et-coques/
74;Chou-fleur tikka massala facile;446;55;https://recettehealthy.com/wp-content/uploads/2021/01/tikka-massala-500x500.jpg;recettehealthy;https://recettehealthy.com/chou-fleur-tikka-massala-facile/
75;Biryani au poulet et lait de coco;677;40;https://recettehealthy.com/wp-content/uploads/2020/12/biryani-500x500.jpg;recettehealthy;https://recettehealthy.com/biryani-au-poulet-et-lait-de-coco/
76;Curry de crevette sauvage au lait de coco;627;30;https://recettehealthy.com/wp-content/uploads/2021/01/crevette-curry-500x500.jpg;recettehealthy;https://recettehealthy.com/curry-de-crevette-sauvage-au-lait-de-coco/
77;Poulet korma rapide au lait de coco;738;60;https://recettehealthy.com/wp-content/uploads/2021/01/poulet-korma-maison-500x500.jpg;recettehealthy;https://recettehealthy.com/poulet-korma-rapide-lait-de-coco/
78;Pot au feu au poulet;414;30;https://recettehealthy.com/wp-content/uploads/2020/12/pot-au-feu-poulet-500x500.jpg;recettehealthy;https://recettehealthy.com/pot-au-feu-au-poulet-et-legumes/
79;Hachis Parmentier de canard à la patate douce;389;75;https://recettehealthy.com/wp-content/uploads/2020/11/hachis-parmentier-patate-douce-500x500.jpg;recettehealthy;https://recettehealthy.com/hachis-parmentier-de-canard-a-la-patate-douce/
80;Crevette à la crème d’estragon et citron;502;45;https://recettehealthy.com/wp-content/uploads/2020/11/crevette-creme-estragon-500x500.jpg;recettehealthy;https://recettehealthy.com/crevette-a-la-creme-destragon-et-citron/
81;Noix de Saint-Jacques à la crème de safran;223;30;https://recettehealthy.com/wp-content/uploads/2020/11/saint-jacques-creme-safran-500x500.jpg;recettehealthy;https://recettehealthy.com/noix-de-saint-jacques-a-la-creme-de-safran/
82;Filet de dinde en croûte de champignon et moutarde;532;30;https://recettehealthy.com/wp-content/uploads/2020/11/filet-dinde-en-croute-500x500.jpg;recettehealthy;https://recettehealthy.com/filet-de-dinde-en-croute-et-champignon/
83;Poêlé de diot et rutabaga;430;50;https://recettehealthy.com/wp-content/uploads/2020/11/diot-rutabaga-500x500.jpg;recettehealthy;https://recettehealthy.com/poelee-de-diot-et-rutabaga-facile/
84;Gratin de crozets aux cèpes, cromesquis de diot et tuile de Beaufort;0;30;https://recettehealthy.com/wp-content/uploads/2020/11/couverture-video-villageoise-500x500.jpg;recettehealthy;https://recettehealthy.com/tournoi-des-regions-la-villageoise/
85;Poulet à la crème et épinards;467;45;https://recettehealthy.com/wp-content/uploads/2020/11/poulet-creme-epinards-500x500.jpg;recettehealthy;https://recettehealthy.com/poulet-a-la-creme-et-epinards/
86;Pâte au chou chinois et Beaufort;697;45;https://recettehealthy.com/wp-content/uploads/2020/11/pate-chou-creme-500x500.jpg;recettehealthy;https://recettehealthy.com/pate-au-chou-chinois-et-beaufort/
87;Gratin de topinambour à la crème;754;70;https://recettehealthy.com/wp-content/uploads/2020/11/gratin-topinambour-500x500.jpg;recettehealthy;https://recettehealthy.com/gratin-de-topinambour-a-la-creme/
88;Jack be little farcie au poireau;168;70;https://recettehealthy.com/wp-content/uploads/2020/10/courge-farcie-poireau-500x500.jpg;recettehealthy;https://recettehealthy.com/jack-be-little-farcie-au-poireau/
89;Pâte au chou et Roquefort;510;45;https://recettehealthy.com/wp-content/uploads/2020/10/pate-choux-roquefort-500x500.jpg;recettehealthy;https://recettehealthy.com/pate-au-roquefort-et-choux/
90;Bouillon de pâte aux légumes;547;70;https://recettehealthy.com/wp-content/uploads/2020/10/bouillon-de-pate-500x500.jpg;recettehealthy;https://recettehealthy.com/bouillon-de-pate-aux-legumes/
91;Blanquette de poulet aux légumes;679;70;https://recettehealthy.com/wp-content/uploads/2020/10/blanquette-300x300.jpg;recettehealthy;https://recettehealthy.com/blanquette-de-poulet-aux-legumes/
92;Tartiflette aux légumes faciles;633;45;https://recettehealthy.com/wp-content/uploads/2020/10/tartiflette-legume-reblochon-300x300.jpg;recettehealthy;https://recettehealthy.com/tartiflette-aux-legumes-facile/
93;Bouillon de chou-fleur et carotte au lait de coco;460;80;https://recettehealthy.com/wp-content/uploads/2020/10/bouillon-coco-butternut-300x300.jpg;recettehealthy;https://recettehealthy.com/bouillon-de-chou-fleur-carotte-lait-de-coco/
94;Butternut farci au risotto et chèvre frais;652;90;https://recettehealthy.com/wp-content/uploads/2020/10/risotto-chevre-butternut-300x300.jpg;recettehealthy;https://recettehealthy.com/butternut-farci-au-risotto-au-chevre-frais/
95;Croquette de saumon et brocolis sauce citron;242;60;https://recettehealthy.com/wp-content/uploads/2020/10/croquette-saumon-300x300.jpg;recettehealthy;https://recettehealthy.com/croquette-de-saumon-brocolis-sauce-citron/
96;Chou-fleur sauce soja et butternut rôti;451;70;https://recettehealthy.com/wp-content/uploads/2020/10/chou-fleur-soja-300x300.jpg;recettehealthy;https://recettehealthy.com/chou-fleur-sauce-soja-butternut-roti/
97;Paupiette de saumon au poireau;104;45;https://recettehealthy.com/wp-content/uploads/2020/10/paupiette-poisson-300x300.jpg;recettehealthy;https://recettehealthy.com/paupiette-de-saumon-poireau/
98;Choux de Bruxelles et tempeh à la moutarde;372;40;https://recettehealthy.com/wp-content/uploads/2020/10/tempeh-choux-bruxelles-300x300.jpg;recettehealthy;https://recettehealthy.com/chou-de-bruxelles-et-tempeh-moutarde/
99;Saumon grillé et brocolis au parmesan;450;60;https://recettehealthy.com/wp-content/uploads/2020/10/saumon-puree-brocolis-parmesan-300x300.jpg;recettehealthy;https://recettehealthy.com/saumon-grille-et-brocolis-parmesan/
100;Clafoutis de courgette et feta;325;60;https://recettehealthy.com/wp-content/uploads/2020/09/clafoutis-courgette-300x300.jpg;recettehealthy;https://recettehealthy.com/clafoutis-de-courgette-feta/
101;Patate douce en robe des champs;194;60;https://recettehealthy.com/wp-content/uploads/2020/09/patate-douce-four-300x300.jpg;recettehealthy;https://recettehealthy.com/patate-douce-au-four-en-robe-des-champs/
102;Poulet laqué au sésame et soja;247;50;https://recettehealthy.com/wp-content/uploads/2020/09/poulet-laque-soja-300x300.jpg;recettehealthy;https://recettehealthy.com/poulet-laque-sesame-soja/
103;Butternut farci aux oignons et tomates;326;50;https://recettehealthy.com/wp-content/uploads/2020/08/butternut-farcis-300x300.jpg;recettehealthy;https://recettehealthy.com/butternut-farci-aux-oignons-tomates/
104;Pâtisson farci aux pommes de terre et fromage;749;50;https://recettehealthy.com/wp-content/uploads/2020/08/patisson-farci-fromage-pommes-de-terre-300x300.jpg;recettehealthy;https://recettehealthy.com/patisson-farci-aux-pommes-de-terre-fromage/
105;Poivron farci au boeuf haché et tomate;98;45;https://recettehealthy.com/wp-content/uploads/2020/08/poivron-farci-viande-300x300.jpg;recettehealthy;https://recettehealthy.com/poivron-farci-boeuf-hache-tomate/
106;Lasagne de courgette et pesto;480;60;https://recettehealthy.com/wp-content/uploads/2020/08/lasagne-courgette-300x300.jpg;recettehealthy;https://recettehealthy.com/lasagne-de-courgette-pesto/
107;Farfalle au pesto et jambon cru;458;30;https://recettehealthy.com/wp-content/uploads/2020/07/pate-pesto-maison-jambon-300x300.jpg;recettehealthy;https://recettehealthy.com/farfalle-au-pestot-jambon-sec/
108;Truite à la tomate et ses pommes de terre;778;55;https://recettehealthy.com/wp-content/uploads/2020/07/truite-tomate-300x300.jpg;recettehealthy;https://recettehealthy.com/truite-a-la-tomate-pommes-de-terre/
109;Brochette de poulet souvlaki et frite de courgette;65;50;https://recettehealthy.com/wp-content/uploads/2020/07/poulet-souvlaki-300x300.jpg;recettehealthy;https://recettehealthy.com/brochette-de-poulet-souvlaki-frite-courgette/
110;Tagliatelle de crevette et sauce tomate;342;50;https://recettehealthy.com/wp-content/uploads/2020/06/pate-aux-crevettes-300x300.jpg;recettehealthy;https://recettehealthy.com/tagliatelle-de-crevette-sauce-tomate/
111;Poulet à la crème et brocolis rôtis;422;55;https://recettehealthy.com/wp-content/uploads/2020/06/poulet-creme-champignon-300x300.jpg;recettehealthy;https://recettehealthy.com/poulet-a-la-creme-et-brocolis-rotis/
112;Nuggets de poulet et purée au parmesan;553;45;https://recettehealthy.com/wp-content/uploads/2020/05/nuggets-poulet-purée-300x300.jpg;recettehealthy;https://recettehealthy.com/nuggets-de-poulet-puree-parmesan/
113;Rigatoni au parmesan et artichaut;512;45;https://recettehealthy.com/wp-content/uploads/2020/05/pate-artichaud-1-300x300.jpg;recettehealthy;https://recettehealthy.com/rigatoni-parmesan-artichauts-rotis/
114;Poisson et feta pané comme un nuggets;512;40;https://recettehealthy.com/wp-content/uploads/2020/05/nugget-poisson-300x300.jpg;recettehealthy;https://recettehealthy.com/poisson-pane-feta-riz/
115;Poulet pané et sauce tomate;578;60;https://recettehealthy.com/wp-content/uploads/2020/05/poulet-pane-sauce-tomate-300x300.jpg;recettehealthy;https://recettehealthy.com/poulet-pane-epices-sauce-tomate/
116;Tagliatelles aux asperges et parmesan;556;30;https://recettehealthy.com/wp-content/uploads/2020/05/pate-asperges-300x300.jpg;recettehealthy;https://recettehealthy.com/tagliatelles-asperges-parmesan/
117;Poêlé de fèves et champignon;208;20;https://recettehealthy.com/wp-content/uploads/2020/05/bowl-feve-bacon-300x300.jpg;recettehealthy;https://recettehealthy.com/poelee-de-feve-champignons-oeuf-poche/
118;Dahl de lentille aux épices et lait de coco;643;50;https://recettehealthy.com/wp-content/uploads/2020/05/dahl-de-lentille-300x300.jpg;recettehealthy;https://recettehealthy.com/dahl-de-lentille-epices-lait-coco/
119;Fusili au poulet et fève au parmesan;550;45;https://recettehealthy.com/wp-content/uploads/2020/04/fusilis-legume-300x300.jpg;recettehealthy;https://recettehealthy.com/fusili-au-poulet-feve-parmesan/
120;Galette de courgette;69;35;https://recettehealthy.com/wp-content/uploads/2020/04/galette-courgette-300x300.jpg;recettehealthy;https://recettehealthy.com/galette-de-courgette-au-curry/
121;Nem au poulet et épinard au sésame;122;60;https://recettehealthy.com/wp-content/uploads/2020/04/nem-poulet-epinard-sesame-300x300.jpg;recettehealthy;https://recettehealthy.com/nem-au-poulet-epinard-sesame/
122;Nem de riz aux pois et bacon;96;35;https://recettehealthy.com/wp-content/uploads/2020/04/nem-au-riz-300x300.jpg;recettehealthy;https://recettehealthy.com/nem-de-riz-pois-bacon/
123;One pot pasta poireau tomate;371;60;https://recettehealthy.com/wp-content/uploads/2020/03/one-pasta-pan-300x300.jpg;recettehealthy;https://recettehealthy.com/one-pot-pasta-poireau-tomate/
124;Risotto de poireau au chèvre;490;65;https://recettehealthy.com/wp-content/uploads/2020/03/risotto-riz-complet-300x300.jpg;recettehealthy;https://recettehealthy.com/risotto-de-poireau-chevre/
125;Champignon farci au poulet et poireau;120;55;https://recettehealthy.com/wp-content/uploads/2020/03/champignon-farci-poulet-300x300.jpg;recettehealthy;https://recettehealthy.com/champignon-farci-poulet-poireau/
126;Poulet garam masala au miel;617;80;https://recettehealthy.com/wp-content/uploads/2020/03/poulet-epice-riz-300x300.jpg;recettehealthy;https://recettehealthy.com/poulet-garam-masala-miel/
127;Gaufre au bacon et chou frise;203;35;https://recettehealthy.com/wp-content/uploads/2020/03/gaufre-chou-300x300.jpg;recettehealthy;https://recettehealthy.com/gaufre-au-bacon-chou-frise/
128;Beignet de poisson au cornichon et tomate;50;50;https://recettehealthy.com/wp-content/uploads/2020/03/beignet-de-poisson-300x300.jpg;recettehealthy;https://recettehealthy.com/beignet-de-poisson-cornichon-tomate/
129;Mini focaccia au parmesan ail et tomate;299;30;https://recettehealthy.com/wp-content/uploads/2020/03/foccacia-parmesan-300x300.jpg;recettehealthy;https://recettehealthy.com/mini-focaccia-parmesan-ail-tomate/
130;Lasagne de saumon et épinard;635;55;https://recettehealthy.com/wp-content/uploads/2020/03/lasagne-poisson-epinard-300x300.jpg;recettehealthy;https://recettehealthy.com/lasagne-de-saumon-epinard/
131;Tacos au poulet et légume sauce au miel;430;50;https://recettehealthy.com/wp-content/uploads/2020/03/tacos-poulet-300x300.jpg;recettehealthy;https://recettehealthy.com/tacos-au-poulet-legume-sauce-miel/
132;Croquette de potimarron au Comte;63;35;https://recettehealthy.com/wp-content/uploads/2020/03/croquette-puree-fromage-300x300.jpg;recettehealthy;https://recettehealthy.com/croquette-de-potimarron-comte/
133;Conchiglioni au saumon et ricotta;557;45;https://recettehealthy.com/wp-content/uploads/2020/03/conchiglioni-farcie-300x300.jpg;recettehealthy;https://recettehealthy.com/conchiglioni-farci-au-saumon-et-ricotta-facile/
134;Blanquette de dinde aux légumes et Cantal;366;60;https://recettehealthy.com/wp-content/uploads/2020/03/blanquette-dinde-300x300.jpg;recettehealthy;https://recettehealthy.com/blanquette-de-dinde-legumes-cantal/
135;Piccata de poulet à la crème et aux câpres;397;35;https://recettehealthy.com/wp-content/uploads/2020/02/piccata-poulet-300x300.jpg;recettehealthy;https://recettehealthy.com/piccata-de-poulet-creme-capres/
136;Gratin de crozet et diot au reblochon;0;50;https://recettehealthy.com/wp-content/uploads/2020/02/gratin-de-crozet-diot-300x300.jpg;recettehealthy;https://recettehealthy.com/gratin-de-crozet-diot-reblochon/
137;Gratin de pâte aux champignons et fromage;362;55;https://recettehealthy.com/wp-content/uploads/2020/02/gratin-pate-au-fromage-300x300.jpg;recettehealthy;https://recettehealthy.com/gratin-de-pate-champignons-fromage/
138;Gnocchis au parmesan comme une quenelle;305;90;https://recettehealthy.com/wp-content/uploads/2020/02/gnocchi-parmesan-300x300.jpg;recettehealthy;https://recettehealthy.com/gnocchis-au-parmesan-quenelle/
139;Nuggets de poisson et sa sauce tartare à ma façon;159;65;https://recettehealthy.com/wp-content/uploads/2020/02/nuggets-cabillaud-tartare-300x300.jpg;recettehealthy;https://recettehealthy.com/nuggets-de-poisson-sauce-tartare-maison/
140;Saumon grillé aux épinards et parmesan;859;50;https://recettehealthy.com/wp-content/uploads/2020/02/saumon-grille-300x300.jpg;recettehealthy;https://recettehealthy.com/saumon-grille-epinards-parmesan/
141;Poulet au champignon et purée au fromage;0;50;https://recettehealthy.com/wp-content/uploads/2020/02/puree-fromage-poulet-300x300.jpg;recettehealthy;https://recettehealthy.com/poulet-au-champignon-puree-fromage/
142;Fondue de chou de Bruxelles et boulette de saumon;594;45;https://recettehealthy.com/wp-content/uploads/2020/02/fondu-poireau-300x300.jpg;recettehealthy;https://recettehealthy.com/fondue-de-chou-de-bruxelles-boulette-saumon/
143;Raviole maison au poulet fromage;376;8;https://recettehealthy.com/wp-content/uploads/2020/02/raviole-poulet-fromage-300x300.jpg;recettehealthy;https://recettehealthy.com/raviole-maison-poulet-fromage/
144;Boulette de poulet au curry et lait de coco;0;70;https://recettehealthy.com/wp-content/uploads/2020/02/boulette-de-poulet-300x300.jpg;recettehealthy;https://recettehealthy.com/boulette-de-poulet-curry-lait-de-coco/
145;Cannelloni au poulet et brocolis;327;70;https://recettehealthy.com/wp-content/uploads/2020/01/cannelloni-reblochon-300x300.jpg;recettehealthy;https://recettehealthy.com/cannelloni-au-poulet-brocolis/
146;Crêpe farcie au poulet et reblochon;188;60;https://recettehealthy.com/wp-content/uploads/2020/01/crepe-poulet-fromage-300x300.jpg;recettehealthy;https://recettehealthy.com/crepe-farcie-poulet-reblochon/
147;Gözleme à la truite et chèvre;209;50;https://recettehealthy.com/wp-content/uploads/2020/01/crepe-turque-fromage-300x300.jpg;recettehealthy;https://recettehealthy.com/gozleme-truite-chevre-epinards/
148;Tagliatelles Thai aux crevettes et citron;525;50;https://recettehealthy.com/wp-content/uploads/2020/01/nouille-crevette-curry-300x300.jpg;recettehealthy;https://recettehealthy.com/tagliatelles-thai-aux-crevettes-et-citron/
149;Empanadas de brocolis et fromage à raclette;75;55;https://recettehealthy.com/wp-content/uploads/2020/01/empanadas-brocolis-fromage-300x300.jpg;recettehealthy;https://recettehealthy.com/empanadas-de-brocolis-fromage-raclette/
150;Curry de chou-fleur au lait de coco;621;60;https://recettehealthy.com/wp-content/uploads/2020/01/curry-chou-fleur-coco-300x300.jpg;recettehealthy;https://recettehealthy.com/curry-de-chou-fleur-lait-de-coco/
151;Porridge salé et poulet crème de moutarde;410;70;https://recettehealthy.com/wp-content/uploads/2020/01/porridge-sale-300x300.jpg;recettehealthy;https://recettehealthy.com/porridge-sale-poulet-creme-moutarde/
152;Ramen au tempeh et légumes;0;45;https://recettehealthy.com/wp-content/uploads/2020/01/ramen-au-tempeh-300x300.jpg;recettehealthy;https://recettehealthy.com/ramen-au-tempeh-et-legumes/
153;Risotto aux champignons et parmesan;507;45;https://recettehealthy.com/wp-content/uploads/2020/01/risotto-champignon-bouillon-300x300.jpg;recettehealthy;https://recettehealthy.com/risotto-aux-champignons-et-parmesan/
154;Cannelloni au poulet et champignon au parmesan;701;65;https://recettehealthy.com/wp-content/uploads/2019/12/cannelloni-poulet-300x300.jpg;recettehealthy;https://recettehealthy.com/cannelloni-poulet-champignon-parmesan/
155;Noix de Saint Jacques et fondu de poireau;374;60;https://recettehealthy.com/wp-content/uploads/2019/12/fondu-poireau-300x300.jpg;recettehealthy;https://recettehealthy.com/noix-de-saint-jacques-et-fondu-de-poireau/
156;Pot-au-feu de poisson aux épices;421;90;https://recettehealthy.com/wp-content/uploads/2019/12/pot-au-feu-saumon-300x300.jpg;recettehealthy;https://recettehealthy.com/pot-au-feu-poisson-epices-legume/
157;Koulibiac de saumon facile et healthy;436;25;https://recettehealthy.com/wp-content/uploads/2019/12/koulibiac-300x300.jpg;recettehealthy;https://recettehealthy.com/koulibiac-de-saumon-facile-healthy/
158;Hachis Parmentier au poulet et champignons;556;60;https://recettehealthy.com/wp-content/uploads/2019/12/hachis-parmentier-healthy-poulet-300x300.jpg;recettehealthy;https://recettehealthy.com/hachis-parmentier-poulet-champignons/
159;Lasagne de butternut et saumon frais au poireau;326;70;https://recettehealthy.com/wp-content/uploads/2019/08/lasagne-potimarron-saumon-pate-300x300.jpg;recettehealthy;https://recettehealthy.com/lasagne-de-butternut-saumon-frais/
160;Tartine savoyarde au bacon et tome de Savoie;584;30;https://recettehealthy.com/wp-content/uploads/2019/11/tartine-savoie-300x300.jpg;recettehealthy;https://recettehealthy.com/tartine-savoyarde-bacon-tome/
161;Reblochon rôti à l'ail comme en Savoie;723;50;https://recettehealthy.com/wp-content/uploads/2019/11/reblochon-roti-300x300.jpg;recettehealthy;https://recettehealthy.com/reblochon-roti-ail-savoie/
162;Poulet à la crème de brocolis et parmesan;668;60;https://recettehealthy.com/wp-content/uploads/2019/11/poulet-brocolis-300x300.jpg;recettehealthy;https://recettehealthy.com/poulet-a-la-creme-de-brocolis-parmesan/
163;Tartiflette aux poireaux et à la crème;483;50;https://recettehealthy.com/wp-content/uploads/2019/11/tartiflette-poireau-300x300.jpg;recettehealthy;https://recettehealthy.com/tartiflette-poireaux-creme/
164;Poulet à la crème de champignon;588;40;https://recettehealthy.com/wp-content/uploads/2019/11/poulet-creme-champignon-300x300.jpg;recettehealthy;https://recettehealthy.com/poulet-a-la-creme-champignon/
165;Tagliatelle sauce butternut et tempeh mariné;537;60;https://recettehealthy.com/wp-content/uploads/2019/10/tempeh-marine-300x300.jpg;recettehealthy;https://recettehealthy.com/tagliatelle-sauce-butternut-tempeh/
166;Croquette de courgette et fromage végétarienne;533;45;https://recettehealthy.com/wp-content/uploads/2019/10/croquette-sans-viande-300x300.jpg;recettehealthy;https://recettehealthy.com/croquette-de-courgette-fromage-vegetarienne/
167;Courge Spaghetti farcie aux légumes et pesto;476;80;https://recettehealthy.com/wp-content/uploads/2019/09/courge-spaghetti-chou-300x300.jpg;recettehealthy;https://recettehealthy.com/courge-spaghetti-farcie-legumes-pesto/
168;Choux-fleurs sauce soja et semoule de blé complète;483;60;https://recettehealthy.com/wp-content/uploads/2019/09/chou-fleur-sojasemoule-complete-300x300.jpg;recettehealthy;https://recettehealthy.com/choux-fleur-sauce-soja-semoule/
169;Poulet sauce soja et riz aux épices;358;50;https://recettehealthy.com/wp-content/uploads/2019/09/poulet-sauce-soja-riz-coco-epice-300x300.jpg;recettehealthy;https://recettehealthy.com/poulet-sauce-soja-riz-epices/
170;Marinade de grillade au barbecue;299;40;https://recettehealthy.com/wp-content/uploads/2019/07/marinade-pour-grillade-300x300.jpg;recettehealthy;https://recettehealthy.com/marinade-poulet-legume-barbecue/
171;Lumaconi farci à la ricotta câpres tomate séchée parmesan et basilic;611;50;https://recettehealthy.com/wp-content/uploads/2019/06/lumaconi-farci-anchois-300x300.jpg;recettehealthy;https://recettehealthy.com/lumaconi-farci-ricotta-capre-tomate-sechee/
172;Fusili aux tomates cerises et poulet rôtis aux herbes;585;80;https://recettehealthy.com/wp-content/uploads/2019/05/pate-poulet-tomate-mozza-herbes-300x300.jpg;recettehealthy;https://recettehealthy.com/fusili-aux-tomates-cerises-poulet-herbes/
173;Tagliatelle thai aux crevettes et lait de coco;754;60;https://recettehealthy.com/wp-content/uploads/2019/05/nouille-de-riz-aux-crevettes-et-coco-300x300.jpg;recettehealthy;https://recettehealthy.com/tagliatelle-thai-aux-crevettes-et-lait-de-coco/
174;Lasagne de poulet et légume sans lait;563;25;https://recettehealthy.com/wp-content/uploads/2019/05/lasagne-poulet-legume-300x300.jpg;recettehealthy;https://recettehealthy.com/lasagne-de-poulet-legumes-sans-lait/
175;Patate douce farcie au poulet champignon et crème au bleu;646;45;https://recettehealthy.com/wp-content/uploads/2019/02/patate-douce-farcie-ok-300x300.jpg;recettehealthy;https://recettehealthy.com/patate-douce-farcie/
176;Moussaka facile et rapide sans fromage;359;75;https://recettehealthy.com/wp-content/uploads/2018/05/moussaka-1-300x300.jpg;recettehealthy;https://recettehealthy.com/moussaka-facile-rapide-sans-fromage/
177;Chakchouka aux oeufs sauce tamari;414;50;https://recettehealthy.com/wp-content/uploads/2018/09/chakchouka-1-300x300.jpg;recettehealthy;https://recettehealthy.com/chakchouka-oeufs-sauce-tamari/
178;Filet de truite au four à la moutarde et au miel;371;40;https://recettehealthy.com/wp-content/uploads/2018/03/filet-truite-3-300x300.jpg;recettehealthy;https://recettehealthy.com/filet-de-truite-four-moutarde-miel/
179;Hachis parmentier de boeuf et carotte;584;50;https://recettehealthy.com/wp-content/uploads/2018/03/hachis-1-300x300.jpg;recettehealthy;https://recettehealthy.com/hachis-parmentier-boeuf-carotte/
180;Mug quiche aux légumes et bacon;405;5;https://recettehealthy.com/wp-content/uploads/2018/04/mug-quiche-2-300x300.jpg;recettehealthy;https://recettehealthy.com/mug-quiche-legumes-bacon/
181;Porridge salé façon dal (dhal) de lentille corail;674;40;https://recettehealthy.com/wp-content/uploads/2018/04/dhal-lentille-3-300x300.jpg;recettehealthy;https://recettehealthy.com/porridge-sale-dhal-lentille-corail-coco/
182;Porridge salé de potiron et lentille corail;252;55;https://recettehealthy.com/wp-content/uploads/2018/04/porridge-potiron-1-300x300.jpg;recettehealthy;https://recettehealthy.com/porridge-sale-potiron-lentille-corail/
183;Boeuf bourguignon sans vin facile;631;30;https://recettehealthy.com/wp-content/uploads/2018/04/bourguignon-1-300x300.jpg;recettehealthy;https://recettehealthy.com/boeuf-bourguignon-sans-vin-facile/
184;Ruban au pesto d'épinard et basilic;730;35;https://recettehealthy.com/wp-content/uploads/2018/08/recette-pesto-epinard-pâte--300x300.jpg;recettehealthy;https://recettehealthy.com/tagliatelle-pesto-epinard-basilic/
185;Pintade farcie de Noël aux légumes anciens;811;15;https://recettehealthy.com/wp-content/uploads/2018/11/pintade-farcie-legume-ancien-20-OK-300x300.jpg;recettehealthy;https://recettehealthy.com/pintade-farcie-noel-legumes-anciens/
186;Pâtisson farci au poulet et champignon à la crème;537;50;https://recettehealthy.com/wp-content/uploads/2018/11/patisson-farcie-champignon-poulet-28-BLOG-300x300.jpg;recettehealthy;https://recettehealthy.com/patisson-farci-poulet-champignon-creme/
187;Magret de canard et fondu de poireau en brick;647;50;https://recettehealthy.com/wp-content/uploads/2018/11/ballotin-magret-et-poireau-10-OK-300x300.jpg;recettehealthy;https://recettehealthy.com/magret-de-canard-fondu-poireau-brick/
188;Lasagne aux blettes fondantes et healthy;205;65;https://recettehealthy.com/wp-content/uploads/2016/10/lasagne-blette-e1475522065344-300x300.jpg;recettehealthy;https://recettehealthy.com/lasagne-blettes-healthy/
189;Brick de boeuf au miel sucré salé;53;50;https://recettehealthy.com/wp-content/uploads/2016/10/brick-boeuf-miel-e1475520872541-300x300.jpg;recettehealthy;https://recettehealthy.com/brick-de-boeuf-miel/
190;Poêle à la mexicaine healthy;201;40;https://recettehealthy.com/wp-content/uploads/2016/10/poele-mexicaine-e1475522694429-300x300.jpg;recettehealthy;https://recettehealthy.com/poelee-mexicaine-healthy/
191;Bolgour au poulet et légume;357;35;https://recettehealthy.com/wp-content/uploads/2016/10/poulet-bolgour-legume-e1475522740185-300x300.jpg;recettehealthy;https://recettehealthy.com/boulghour-poulet-legume/
192;Gratin au quinoa, thon et fromage;224;40;https://recettehealthy.com/wp-content/uploads/2016/10/gratin-thon-quinoa-e1475522050235-300x300.jpg;recettehealthy;https://recettehealthy.com/gratin-thon-quinoa/
193;Tajine au poulet et à la courge;470;50;https://recettehealthy.com/wp-content/uploads/2016/10/tajine-au-poulet-e1475523003192-300x300.jpg;recettehealthy;https://recettehealthy.com/tajine-poulet/
194;One pan pasta au poulet et légumes;357;60;https://recettehealthy.com/wp-content/uploads/2016/10/poele-pate-poulet-e1475522706528-300x300.jpg;recettehealthy;https://recettehealthy.com/one-pan-pasta-poulet-legume/
195;Quiche sans pâte au poulet et légume;242;30;https://recettehealthy.com/wp-content/uploads/2016/10/quiche-feta-legume-e1475522912439-300x300.jpg;recettehealthy;https://recettehealthy.com/quiche-sans-pate-poulet-legume/
196;Quiche à la courge, carotte et pois vegan;251;15;https://recettehealthy.com/wp-content/uploads/2016/10/tarte-tofu-carotte-pois-e1475523150387-300x300.png;recettehealthy;https://recettehealthy.com/quiche-courge-carotte-pois-vegan/
197;Blanquette de poulet à la moutarde à l'ancienne;467;70;https://recettehealthy.com/wp-content/uploads/2016/10/blanquette-poulet-poireau-300x300.jpg;recettehealthy;https://recettehealthy.com/blanquette-de-poulet/
198;Risotto au poulet et champignon;547;40;https://recettehealthy.com/wp-content/uploads/2016/10/risotto-e1475522924614-300x300.jpg;recettehealthy;https://recettehealthy.com/risotto-poulet-champignon/
199;Omelette de légume à la ricotta;244;75;https://recettehealthy.com/wp-content/uploads/2016/10/omelette-legumes-e1475522362356-300x300.jpg;recettehealthy;https://recettehealthy.com/omelette-legume-varies/
200;Gözleme au boeuf et carotte jaune;445;25;https://recettehealthy.com/wp-content/uploads/2016/10/gozleme-au-boeuf-et-carottes-300x300.jpg;recettehealthy;https://recettehealthy.com/gozleme-a-la-viande-hachee-carotte/
201;Crêpe de chou rouge et pomme au chèvre frais;356;30;https://recettehealthy.com/wp-content/uploads/2019/02/crepe-chou-pomme-8-ok-300x300.jpg;recettehealthy;https://recettehealthy.com/crepe-de-chou-rouge-pomme-chevre/
202;Lasagne complète aux légumes;273;65;https://recettehealthy.com/wp-content/uploads/2017/02/lasagne-300x300.jpg;recettehealthy;https://recettehealthy.com/lasagne-legumes/
203;Ballotin de brick au poulet et légumes épicés;259;60;https://recettehealthy.com/wp-content/uploads/2017/04/ballotin-de-brick-1-300x300.jpg;recettehealthy;https://recettehealthy.com/ballotin-brick-poulet-legumes-epices/
204;Buns de boeuf tomate et oignon épicé;225;65;https://recettehealthy.com/wp-content/uploads/2017/05/buns-boeuf-haché-2-300x300.jpg;recettehealthy;https://recettehealthy.com/buns-boeuf-tomate-oignon-epices/
205;Poulet à la crème de champignon et pâte complète;523;70;https://recettehealthy.com/wp-content/uploads/2017/05/plat-complet-creme-champignon-poulet-300x300.jpg;recettehealthy;https://recettehealthy.com/poulet-creme-champignon-pate/
206;Aubergine farcie au poivron et oignon au fromage;370;70;https://recettehealthy.com/wp-content/uploads/2017/05/aubergine-farcie-300x300.jpg;recettehealthy;https://recettehealthy.com/aubergine-farcie-poivron-oignon-fromage/
207;Buddha Bowl version green et son oeuf poché;441;45;https://recettehealthy.com/wp-content/uploads/2017/06/buddha-bowl-300x300.jpg;recettehealthy;https://recettehealthy.com/buddha-bowl-green-oeuf-poche/
208;Buddha bowl carnivore aux boulettes de boeuf;376;85;https://recettehealthy.com/wp-content/uploads/2017/06/buddah-bowl-carnivore-300x300.jpg;recettehealthy;https://recettehealthy.com/buddha-bowl-boulettes-viande/
209;Spaghetti de courgette et chou-fleur au parmesan;180;45;https://recettehealthy.com/wp-content/uploads/2017/06/spaghettis-courgette-chou-fleur-300x300.jpg;recettehealthy;https://recettehealthy.com/spaghetti-de-courgette-chou-fleur-parmesan/
210;Queues de crevettes épicées et curry de légumes;352;50;https://recettehealthy.com/wp-content/uploads/2017/07/crevette-et-curry-de-légume-Escal-300x300.jpeg;recettehealthy;https://recettehealthy.com/queues-crevettes-epice-curry-legumes/
211;Tian de courgette au pesto de tomate confite;373;75;https://recettehealthy.com/wp-content/uploads/2017/07/tian-de-legume-au-pesto-1-300x300.jpg;recettehealthy;https://recettehealthy.com/tian-courgette-pesto-tomate-confite/
212;Tomate farcie au quinoa et fromage de chèvre;383;60;https://recettehealthy.com/wp-content/uploads/2017/08/tomate-farcie-1-300x300.jpg;recettehealthy;https://recettehealthy.com/tomate-farcie-quinoa-fromage-chevre/
213;Poulet à la crème de morille;464;30;https://recettehealthy.com/wp-content/uploads/2017/08/poulet-aux-morilles-300x300.jpg;recettehealthy;https://recettehealthy.com/poulet-creme-morille/
214;Crevette épicée et ses spaghettis de courgette;287;45;https://recettehealthy.com/wp-content/uploads/2017/09/recette-crevette-escal-2-1-300x300.jpg;recettehealthy;https://recettehealthy.com/crevette-epicees-spaghettis-courgette/
215;Frutti di mare et son trio au quinoa;370;45;https://recettehealthy.com/wp-content/uploads/2017/08/Recette-quinoa-escal-300x300.jpg;recettehealthy;https://recettehealthy.com/frutti-di-mare-quinoa/
